date,port_throughput,freight_rate,otif_rate
2021-01-01,120993.42830602247,1983.8566839782836,0.8320562694434875
2021-01-02,119848.52507328287,2015.2699996719932,0.8938651799824583
2021-01-03,121545.38753249876,1599.4457863111288,0.9407292886986056
2021-01-04,123420.83326111743,2181.8944197668216,0.8391047798622157
2021-01-05,120030.9396108358,2067.469541614699,0.8856911850283119
2021-01-06,120155.05869023818,2197.316830015806,0.8601405346661017
2021-01-07,123905.3620265678,1418.006694013913,0.8927766161857911
2021-01-08,122404.83181240153,2414.475672217571,0.8805744333224725
2021-01-09,120053.36693083608,1968.4257672391664,0.8607553927286707
2021-01-10,122199.02245368759,2217.5232178264796,0.8946361685461323
2021-01-11,120307.79368523022,1787.4484306626453,0.9341304432936023
2021-01-12,120422.9439312053,2117.5273587090405,0.874272886248181
2021-01-13,121957.05862809686,1783.8324266705704,0.9015927382644454
2021-01-14,117764.170225657,1869.3047087749158,0.8412018112638651
2021-01-15,118257.26854956897,2376.407733296209,0.8513069086954598
2021-01-16,120697.5916858703,1955.0079439789579,0.8941721883364113
2021-01-17,119910.16958926056,2036.173960376347,0.9245234808560789
2021-01-18,122676.50911667584,2166.2438934869283,0.8906684004635698
2021-01-19,120342.5829802545,2090.9096865524734,0.8706082590843054
2021-01-20,119442.9926169695,2021.4000515954428,0.8799787421627007
2021-01-21,125306.13851665078,2063.8514326687477,0.8424877679809085
2021-01-22,122028.72306419784,2471.085310831933,0.898135459790661
2021-01-23,122718.88401856467,1978.421395986336,0.9064699918697022
2021-01-24,119835.92592084917,2029.7079263448218,0.8664372900150076
2021-01-25,121696.2217783895,2199.161957812126,0.865898735567215
2021-01-26,123104.29720202002,2209.6792268109753,0.8879763468895615
2021-01-27,120675.7613066667,2225.5230629402295,0.8668984079187821
2021-01-28,123822.20660389264,2115.4060078427656,0.8780160215612254
2021-01-29,121960.29728901872,1758.601942499607,0.9429916536749955
2021-01-30,122666.59196548497,2313.4321931146983,0.8725892289776201
2021-01-31,122132.55285994022,1757.0197696595164,0.8692497954393633
2021-02-01,127124.03451214239,2046.358902919836,0.8605737458309453
2021-02-02,108473.46735073182,1834.5196014769328,0.9023257591449981
2021-02-03,106463.44395141257,1972.090063770981,0.874563274803457
2021-02-04,110299.73139215897,2050.2131767590504,0.8605188088503573
2021-02-05,106286.05586350586,2048.2750993971845,0.9196391209681903
2021-02-06,109215.85460606616,2067.9307687629616,0.9225880901354091
2021-02-07,104946.41367105974,2305.8318333364095,0.8619872930278388
2021-02-08,106274.21297652369,2073.339401436251,0.8240038014591815
2021-02-09,109386.30859998339,1933.3441756841005,0.9102254106951077
2021-02-10,110528.6583596945,2174.5358980086767,0.8594611052271999
2021-02-11,109450.70987067505,2219.1555237447087,0.903718767974883
2021-02-12,108930.00783310067,1735.2828245411572,0.8208968854686449
2021-02-13,108609.4879658413,2099.827363147302,0.9067779201489793
2021-02-14,106302.08205538621,2120.1248592482857,0.8436648421215766
2021-02-15,107863.89084437648,1919.9205717228829,0.9019229235719958
2021-02-16,123423.76330219864,2254.1175966659803,0.880428192035093
2021-02-17,126497.74404237134,1948.5080782059263,0.8513818174181007
2021-02-18,125106.18387932515,2003.1774479155151,0.8677889106121965
2021-02-19,120925.29846259922,1942.9907539732078,0.900589553708701
2021-02-20,125128.95974030238,1980.2638899550502,0.883176833593457
2021-02-21,123737.0226033038,1757.4360246684917,0.8975323894141746
2021-02-22,123176.72461730208,1688.2238271374483,0.9392932175354646
2021-02-23,125774.29546134938,2294.6779779100766,0.8330727516486685
2021-02-24,126630.31867475194,1805.927657210192,0.9285163772490588
2021-02-25,126445.2716904525,1776.584418591371,0.8831306781256963
2021-02-26,122915.69880513875,1543.7278273706647,0.8530364785503062
2021-02-27,123984.18045477933,1846.1564621622824,0.8400905912278304
2021-02-28,125270.6736068094,1708.8738146274584,0.874326388276689
2021-03-01,126561.87276111978,2301.437766945007,0.9076495033577338
2021-03-02,123652.19084181881,2174.541114395035,0.876173526388674
2021-03-03,124236.12878560815,1834.4905890997386,0.9253346479074205
2021-03-04,122388.8670846862,2422.15078081292,0.8364647292984533
2021-03-05,122200.43186558822,2167.5596787511527,0.8796373315646183
2021-03-06,126206.46014719285,1905.7832662598844,0.8424281966676064
2021-03-07,127279.74733055197,1470.4113615956692,0.890908956478749
2021-03-08,124406.44375903673,2428.0239806973073,0.9066066217029191
2021-03-09,126538.1095041579,1691.4639344352152,0.8673771461895684
2021-03-10,125232.32584662999,1639.841640005331,0.8018735843011859
2021-03-11,123194.30448524647,2172.9784374074125,0.8859684444038949
2021-03-12,125180.35749977008,2455.9577938821144,0.8931021565520053
2021-03-13,127504.24799100039,2244.404837925138,0.892128842648851
2021-03-14,124324.77392567009,2079.875059842282,0.9170734657546646
2021-03-15,127491.66539069258,2085.5870657736423,0.8478683896105286
2021-03-16,119086.601205923,2136.8622708054218,0.9004064831635135
2021-03-17,125931.43325010987,2117.5078386154883,0.9157752253743392
2021-03-18,124421.14675366336,2021.5033670607856,0.8266423724798045
2021-03-19,123606.41564121368,1985.6482646660609,0.8895895547775693
2021-03-20,124343.35043244464,1951.8323799045563,0.8648746050697699
2021-03-21,120138.17944201405,1813.1010493199005,0.8775543198069506
2021-03-22,123625.62227852763,1907.3019133286562,0.8904302945061501
2021-03-23,124729.07231551336,1624.3885274717088,0.8653831430765935
2021-03-24,126918.82197934104,1942.8549265606111,0.8597287576251517
2021-03-25,122873.06026382984,1764.3475920981527,0.8810245725246407
2021-03-26,122237.63603205819,1740.8909116939574,0.847382621834116
2021-03-27,122794.66409693351,1997.1305669765823,0.8474252461334444
2021-03-28,125571.14741175021,2239.095155623582,0.9003811984886951
2021-03-29,124338.6989328492,2143.9009811638994,0.8455361789452404
2021-03-30,122561.29765445388,1645.6805008475767,0.8999893750272764
2021-03-31,124585.82202660282,1761.3979558669198,0.8938777387856185
2021-04-01,123690.8396227472,2147.0207823874057,0.828225798136282
2021-04-02,125370.38113006637,1761.9120276908757,0.8596730604299303
2021-04-03,121964.48222768212,1913.0258380079076,0.9158232820914212
2021-04-04,122647.93369797408,2067.505849420998,0.8505650340658095
2021-04-05,122452.96542860777,1763.3695002521358,0.8660678721307183
2021-04-06,120243.41170309039,1977.6564540628299,0.8938618267975569
2021-04-07,123695.36008909049,1689.3192154587723,0.9035017152784779
2021-04-08,123557.40793756284,1835.3937472609455,0.8724538334186651
2021-04-09,122977.2837440263,2019.1666244884707,0.8620746941592508
2021-04-10,122429.30494708665,1636.1544525624047,0.9226710958509552
2021-04-11,119998.90403927407,2042.3911084695935,0.9321669899139273
2021-04-12,121919.34561504882,1949.9115627009528,0.9093657415234538
2021-04-13,122006.10232047623,2063.880074978493,0.8825595442769507
2021-04-14,121017.85552614191,1997.7078725167714,0.8557520283507722
2021-04-15,122230.77947549983,2225.296093307383,0.855086667803303
2021-04-16,123292.53322728546,1977.0558694509707,0.8956754231579728
2021-04-17,126188.10043197422,1865.6728223051139,0.8925519466266605
2021-04-18,122696.47356793503,1975.5563927453964,0.9220479577883929
2021-04-19,122794.37481784896,2059.2994595549926,0.8995135027760842
2021-04-20,122062.77846898545,1959.9548294216308,0.8349075909472055
2021-04-21,118307.03641333593,1957.8441152060416,0.9115584285316876
2021-04-22,122025.04266434077,1808.8704010126892,0.8500581811805676
2021-04-23,122132.67474252202,1816.2315166726257,0.8684808618414295
2021-04-24,126873.56258121456,1667.8336074316517,0.8875060061875508
2021-04-25,121498.00678279903,2297.8129720377538,0.939870024693519
2021-04-26,122422.32460458102,1698.6679379308837,0.9732975566801608
2021-04-27,121687.221229629,1808.4025070587343,0.8982016917740855
2021-04-28,119357.678166734,1802.8450551128515,0.8745041014383884
2021-04-29,123920.10307531487,2125.0543452243546,0.8960351694544165
2021-04-30,123078.83761592778,1886.6224957858358,0.906629662776215
2021-05-01,123098.69561663926,2194.703807587763,0.8703799712332843
2021-05-02,119640.71616042091,1810.000229813018,0.9338563406773697
2021-05-03,124209.18920589762,2000.0401487153274,0.8869021227757421
2021-05-04,118545.30695961251,1776.7148672273904,0.8949322926727419
2021-05-05,122469.47736012918,2372.3570650427946,0.8999777275616339
2021-05-06,125624.81842678816,1705.3505172909895,0.8926475983184337
2021-05-07,119212.41045677771,2004.3773047510726,0.9051682150140884
2021-05-08,120011.93516520695,2068.7115005008623,0.8614824044035924
2021-05-09,121296.38971664506,2024.2589054135174,0.8632509473816191
2021-05-10,120044.23571066723,1903.984515756451,0.8469953730108492
2021-05-11,117905.53621843808,1914.6208691940826,0.8931850369186068
2021-05-12,121101.27098292676,1948.890265145365,0.9033680951053634
2021-05-13,118798.45278740858,1910.2705320326204,0.8937331859845565
2021-05-14,121830.81827620855,2131.989717326075,0.9302347730004261
2021-05-15,119007.0383861181,2380.8614558941385,0.8798321194351286
2021-05-16,123909.70897871732,1826.8014601830766,0.9000622496677754
2021-05-17,119209.00380704651,1663.8821828776029,0.8472489737158205
2021-05-18,120098.78891441585,1919.7293307319428,0.8683870089257679
2021-05-19,122339.0910728112,2452.870569541833,0.9008661327269734
2021-05-20,118221.2250131494,1775.7367500257978,0.9054730633222943
2021-05-21,121110.52939577575,2263.8379863173327,0.8711809915700746
2021-05-22,123244.31372164447,2271.0977496525825,0.877852022444258
2021-05-23,117391.24455262235,1824.3829001044705,0.8344637875995757
2021-05-24,120953.42437729235,2048.4401258918997,0.8692891239758017
2021-05-25,121083.62682804762,2259.865796289327,0.9067114949055936
2021-05-26,122108.96403276084,1857.9038850748975,0.897256150483197
2021-05-27,118054.61735371924,1892.5563228606975,0.8950199716414363
2021-05-28,117872.53789676118,1816.4791737002163,0.8814932106154288
2021-05-29,121543.98437031874,1729.4069719601468,0.8802118947588453
2021-05-30,121082.4218886427,1802.045770694294,0.8601903658157966
2021-05-31,120979.47169271037,1686.6561879638193,0.9009648526060761
2021-06-01,121163.07654290432,1937.803896576891,0.8926291883316817
2021-06-02,119103.46164238293,1776.5355183220925,0.894760565439784
2021-06-03,120922.96007116706,1976.8303085007456,0.8642189547199726
2021-06-04,121041.12133937363,1618.4369585106458,0.8153997124038627
2021-06-05,119024.34863285646,1995.3350958030376,0.9129145813526108
2021-06-06,124184.19395213823,2095.4078032907064,0.8656348763197479
2021-06-07,121401.38748218739,1529.4978440634054,0.8541167270787063
2021-06-08,118073.63736478375,2002.5992481559858,0.9008043673574199
2021-06-09,121773.28101269278,2172.8646942899054,0.8682396208024261
2021-06-10,118516.10532701373,1684.9456536657808,0.9117980915213987
2021-06-11,122046.25497188035,2260.9312963803377,0.898510178487301
2021-06-12,122797.17116774133,2009.7635824947813,0.9005070796960143
2021-06-13,118847.73989078496,1784.5003710786657,0.8390213286639839
2021-06-14,122426.16296898338,1913.8918883075814,0.916358319561592
2021-06-15,121336.41014463225,2036.2540479522422,0.8878375159370157
2021-06-16,122167.4857319433,1939.332705339155,0.8689216858226139
2021-06-17,124330.49466913323,2031.4257871547218,0.8843016540202675
2021-06-18,120060.64712646326,1739.0828316583497,0.8267129430130504
2021-06-19,119059.38087966606,1956.6326766902137,0.8922595843444201
2021-06-20,118804.11194692597,1639.5605741107772,0.8491188547545379
2021-06-21,118968.60693595716,1899.6012228308084,0.839419891424694
2021-06-22,120463.8501269025,1740.6078684163656,0.8343292244134632
2021-06-23,121318.86208188313,1773.8263698001454,0.9133806512496978
2021-06-24,121209.0611243897,2167.6939549689614,0.8611220981892164
2021-06-25,122329.72162484094,2138.2803056545026,0.926011831297495
2021-06-26,120721.52534766833,2041.3888673258598,0.863925956108431
2021-06-27,123623.18293654775,1700.6416518186834,0.8287792612722116
2021-06-28,120207.75646627617,1855.365476423014,0.8465042668015402
2021-06-29,126198.66079577043,2160.809667966586,0.9170743486002082
2021-06-30,135031.14090127347,9946.076472307504,0.7953230546619
2021-07-01,132087.14036151933,10381.141959184639,0.783551381105282
2021-07-02,131681.4191542614,9995.48258067595,0.8048005467755837
2021-07-03,134809.9308080735,9954.771797703857,0.8150534820850264
2021-07-04,133419.80908296714,9854.081643174126,0.8335219644770738
2021-07-05,135316.38491041146,9942.156078579857,0.8434549768967878
2021-07-06,134856.34291452667,9884.496891956067,0.7892069406263275
2021-07-07,133785.46216990496,10056.155556178668,0.7602185694175388
2021-07-08,132258.4879096008,10105.417245808641,0.7875960451663018
2021-07-09,130942.97411468653,9756.42185195691,0.8078084151974866
2021-07-10,133099.80509706782,9646.916114955722,0.7710872322136817
2021-07-11,135725.30819088803,9545.464592655393,0.7712854725531487
2021-07-12,134459.81948398132,10013.846894267335,0.8103136364464966
2021-07-13,131558.65902481606,9691.118269258826,0.7985404294528865
2021-07-14,134414.32447378506,9480.75643351188,0.8009839098623477
2021-07-15,134855.6840812514,9988.593234617345,0.7772451399589979
2021-07-16,132333.62204718744,10409.020378806485,0.7930879785738271
2021-07-17,134424.21698139282,9908.749254620723,0.7722730056719509
2021-07-18,134247.6988610374,10077.204553427804,0.8267059523337437
2021-07-19,131858.88412035516,9925.415231855766,0.8310574800417126
2021-07-20,134872.9165579081,9888.814391116799,0.7446143641328572
2021-07-21,135290.3484702125,10091.950579961356,0.7721146741942277
2021-07-22,136345.1880868329,9849.623336134848,0.7551041223472976
2021-07-23,136295.81422231405,9960.699669395734,0.7804992819677931
2021-07-24,131440.76562766114,9971.103729429331,0.7974968609062892
2021-07-25,132327.07138067213,9772.689039070294,0.7565106434090442
2021-07-26,135238.08686696296,10104.258561314982,0.7723442056062406
2021-07-27,135239.51767060612,9870.401101677371,0.7698812788375551
2021-07-28,135244.56386021903,9753.78698272666,0.8062180198819684
2021-07-29,141921.00817943146,10011.780944948085,0.8020803301110876
2021-07-30,135356.9196804479,9724.328341484572,0.7783478733998824
2021-07-31,136484.34501555568,9909.20113092538,0.805304626164182
2021-08-01,136117.7409781121,9901.284061731489,0.7835995974623821
2021-08-02,135507.46154504243,10119.82993583542,0.7918503466902185
2021-08-03,133567.47151477967,9997.13343085387,0.8502035627089561
2021-08-04,135707.64257693867,9896.731354137624,0.8402138315537104
2021-08-05,132634.0871567193,10064.832967335486,0.7610125628921721
2021-08-06,133694.4516754058,10178.864178907668,0.8248919725363753
2021-08-07,133184.0119093828,10011.927691983354,0.8243418966347478
2021-08-08,134303.41963126796,9901.979116290431,0.7655521013374215
2021-08-09,138752.18897211153,9637.084307460498,0.8245633293126459
2021-08-10,130369.79850323648,9685.97178292423,0.8461379575523766
2021-08-11,135456.55384849204,9837.492536277146,0.7663236558126676
2021-08-12,130836.54736384665,9776.177998324998,0.7724749153695721
2021-08-13,133094.2981833123,9860.22913976854,0.8305298440053052
2021-08-14,136190.48179533798,9908.496346953827,0.8081448593247695
2021-08-15,134113.79652014436,10002.647874454527,0.8165442882571857
2021-08-16,131800.64393404027,9882.152529580138,0.8102176764920149
2021-08-17,132494.6707626236,9993.095575565972,0.8117208776278444
2021-08-18,135251.8752341211,9908.23309137153,0.7602058361506675
2021-08-19,132397.61669585426,9499.787856747507,0.8314195311986435
2021-08-20,134255.22045254897,9706.557052863305,0.8350876997728333
2021-08-21,133875.70039284023,9865.149582091508,0.7931182776779592
2021-08-22,132441.92921789835,9651.571106276384,0.7986956915055842
2021-08-23,137991.9332733067,10013.038762452625,0.7540667749233284
2021-08-24,134929.16509203642,10198.746144530898,0.8154276426805351
2021-08-25,129566.7179357559,10135.891310010396,0.8171617232514243
2021-08-26,133944.01177103983,9848.993327093665,0.7981342694900208
2021-08-27,132200.0865740215,10189.370090258473,0.8337306007961152
2021-08-28,135179.57369052412,9920.50131593768,0.7899776830706018
2021-08-29,131839.24147593713,9822.893591882425,0.816938177776808
2021-08-30,133142.9540725083,9767.17321500662,0.7694100698392365
2021-08-31,134329.15560073458,9828.902772025956,0.7992934354737729
2021-09-01,134996.09993228558,9811.304307224113,0.794769372262915
2021-09-02,130808.10624384879,9922.565877016232,0.8067592376612283
2021-09-03,132482.5559337357,9920.140390359882,0.7889141921349992
2021-09-04,132143.3279550946,9888.177759789367,0.79605582212985
2021-09-05,131727.0742165385,9974.49915131673,0.8247814151432452
2021-09-06,136504.06436655988,10124.783733933502,0.7868970728828535
2021-09-07,133721.50878085318,10076.108267673273,0.7518026869778397
2021-09-08,130327.19229938686,9588.760808503803,0.8524875171261627
2021-09-09,134621.18530971903,9374.499136822167,0.8414436223607147
2021-09-10,136965.42416575202,10071.69030765919,0.7612321191468315
2021-09-11,134720.90632643306,9610.993547337026,0.8206912341573559
2021-09-12,129551.37978082352,9838.959168250349,0.7849107568834598
2021-09-13,131555.14313830424,9649.432605025788,0.8079046164599318
2021-09-14,134990.3421258262,9522.60208433043,0.8088267238704049
2021-09-15,130973.57716032975,9990.833679096168,0.7929677659905103
2021-09-16,133208.51104199188,10033.915127124514,0.7764870300324082
2021-09-17,133801.72960527625,9766.324976527416,0.7792837684305123
2021-09-18,130329.89767115822,9362.961559852552,0.7725142425355628
2021-09-19,131995.7885170153,9771.464090239815,0.7750453337530867
2021-09-20,125563.24538324747,9958.616742579596,0.7979846512985194
2021-09-21,129927.8834917724,9584.016589353036,0.7785272003266775
2021-09-22,131402.41756460487,9916.013848672468,0.8204615619713787
2021-09-23,129342.97824066615,9875.822856490811,0.8446173846600779
2021-09-24,135034.53352199707,9994.286087854403,0.7825984027588988
2021-09-25,128840.85054130811,9901.886823225792,0.8071821350160614
2021-09-26,130752.80376137373,9682.899922975424,0.8149905533090881
2021-09-27,131826.5517475816,10116.37097309341,0.8141600681275782
2021-09-28,134380.29510674835,9844.893719763893,0.8022786580374827
2021-09-29,128559.28409073979,9870.681688076076,0.8222804725507917
2021-09-30,133691.25964111107,9689.031965772198,0.8144674685804197
2021-10-01,131320.0678345731,9786.57206895731,0.7628701273301811
2021-10-02,129272.08167687427,9697.810937999007,0.8260746819316782
2021-10-03,132095.71255244617,9839.725230428478,0.8266187251180023
2021-10-04,131507.02235874158,10216.199100050406,0.7771014168746426
2021-10-05,129846.93831166519,9599.020137044441,0.8011381350634281
2021-10-06,131126.59758442093,9550.231047664141,0.8204998697843321
2021-10-07,130157.2197579012,10166.720354346986,0.7937205854126193
2021-10-08,131097.04663437066,9830.164515026665,0.8321893414329804
2021-10-09,132137.82823916827,9737.75766433383,0.8709161748385809
2021-10-10,133930.62305988432,10079.096111153804,0.7764204190209506
2021-10-11,128229.52524045904,9749.53502733599,0.7585686619053867
2021-10-12,134919.4097047934,10235.403039601526,0.8091145578681463
2021-10-13,126699.0484747231,10005.329232768767,0.8216468751537843
2021-10-14,130251.30266668371,9771.704738480548,0.793074008784657
2021-10-15,131684.99566156627,10300.291624371566,0.8435978198996311
2021-10-16,131025.74352129543,9747.229958726572,0.7598418260083026
2021-10-17,129175.73847114257,10016.334979337877,0.8207875586909483
2021-10-18,129964.3173858968,9927.317382626088,0.7818241753772333
2021-10-19,129356.09684455062,10127.350086033324,0.851581337186219
2021-10-20,129127.08253501778,10178.84702910771,0.8597754605950436
2021-10-21,131970.96831812282,9872.488581184269,0.7770003023664996
2021-10-22,130954.04624183237,9714.947138910653,0.7835132859227426
2021-10-23,128824.8046486962,9957.168103176487,0.8257876366093941
2021-10-24,131982.84588438057,9729.17356224702,0.7883860805063146
2021-10-25,130773.73537318922,10266.937047311541,0.7986376634620329
2021-10-26,131762.87065727482,9891.10962563154,0.8007616526162723
2021-10-27,131376.98380962058,9790.281210761344,0.7424098053140703
2021-10-28,128442.9328327163,9899.824543805524,0.799584867617173
2021-10-29,128966.41954517236,9593.006186335377,0.7793081667780748
2021-10-30,131569.93222446772,9667.65159814796,0.7852063153280069
2021-10-31,131287.3936261394,10101.60014904775,0.8433089601040644
2021-11-01,130018.94020110668,9729.681473273362,0.7623047931716224
2021-11-02,130292.3055770789,9651.22109414003,0.8243961556024394
2021-11-03,132612.73741267255,9967.47680279065,0.7916311120900458
2021-11-04,128876.9006062968,10096.830044826567,0.791607194945125
2021-11-05,131159.77968382905,10003.022837635755,0.8237111568815514
2021-11-06,129669.67097151894,10057.98467427268,0.8102015388370668
2021-11-07,129650.11626929621,9706.9590810064,0.8171183899165859
2021-11-08,132297.4242021851,9573.4989269807,0.8290455398159858
2021-11-09,131768.07994227918,10157.670752328939,0.7900607485045004
2021-11-10,131764.64078205804,9792.41101577819,0.7816328979647675
2021-11-11,132771.96057814293,9806.323341864385,0.7674454842032661
2021-11-12,130229.40600972348,10121.67173513398,0.7752376841006314
2021-11-13,131580.717297236,9966.821870253076,0.8884728327592618
2021-11-14,129628.70931459562,9946.29638439804,0.8373403874221036
2021-11-15,130933.02324301415,10287.66226057071,0.7594677690137595
2021-11-16,130062.86317511713,9725.50110712324,0.760326261297693
2021-11-17,130558.60279679028,10039.31574042429,0.8144559818515548
2021-11-18,131599.37814272352,9864.693301396235,0.816417943921339
2021-11-19,128820.05340448392,9906.552093798244,0.816466515059521
2021-11-20,134691.66028146452,10158.070284916876,0.7923513261933891
2021-11-21,128548.18205667623,9953.48671250107,0.7962363721999131
2021-11-22,128188.08770269158,9959.121738661846,0.8098363857247808
2021-11-23,132991.82574672575,10065.506951922654,0.8025767901887999
2021-11-24,132320.93044157609,9777.557900160893,0.733420988817574
2021-11-25,132050.67584325574,9682.249474210443,0.7931060110827443
2021-11-26,132126.75373044267,9640.672530482812,0.7744578069721907
2021-11-27,130915.95341882901,9455.906013020594,0.8052563425672554
2021-11-28,129219.0398170465,10259.961718492636,0.8895577700781023
2021-11-29,131240.93343503383,9627.62158096901,0.8110244499642292
2021-11-30,129813.40490473883,9803.555491004967,0.7905941094148281
2021-12-01,133198.95145168176,9791.986517353113,0.8276540450593176
2021-12-02,131038.10928056747,9908.373478501491,0.8144806366162765
2021-12-03,129767.2162693142,10009.582543056305,0.8126028347135553
2021-12-04,130863.84377580843,10018.07275982917,0.8182055177964702
2021-12-05,132423.2424693207,9728.905536052209,0.8616963069448863
2021-12-06,130562.99256085149,9811.639642617489,0.7660733469402226
2021-12-07,130141.2973142376,9901.122937081207,0.8142089623043437
2021-12-08,132370.5773235147,9794.411683355613,0.7722085661005539
2021-12-09,132472.7009769121,10165.161985405095,0.8166653793902675
2021-12-10,131070.47616803966,9941.430822137523,0.7724394046554172
2021-12-11,131245.8378515632,9989.754350628611,0.7874789955918475
2021-12-12,132757.44902387835,9974.898008760905,0.7911473025728628
2021-12-13,129504.42142533604,10076.559488133262,0.8292745015803413
2021-12-14,129694.63144792069,9877.611989985713,0.8275536333182725
2021-12-15,131183.28723398058,9581.584250262578,0.7626284787066085
2021-12-16,132305.46399461766,9920.431191813052,0.8016480233299955
2021-12-17,133467.8385148145,9709.765184312933,0.7787126043575249
2021-12-18,135911.79834727483,9733.856188330123,0.76224485267974
2021-12-19,134792.7786594022,9956.395290039867,0.793489488487269
2021-12-20,132875.1789830791,10086.32206218435,0.7907455163463255
2021-12-21,133275.75427381953,9842.46272485361,0.8728014945903657
2021-12-22,131428.50232784,9899.517973634966,0.812988794760821
2021-12-23,133517.26148947034,10177.737321650995,0.758671474977373
2021-12-24,133098.5571474245,9884.987930230436,0.7830567798748718
2021-12-25,134443.66489455124,10356.716878777579,0.830641498862882
2021-12-26,132266.79184531307,9949.025146676584,0.8626532831860978
2021-12-27,135083.5505523166,9483.313627327887,0.7524205006328613
2021-12-28,137234.42159369343,9985.677464988732,0.7436022684458287
2021-12-29,134075.89628275565,9910.783779353154,0.8561289552611535
2021-12-30,135221.60311587126,10092.045614801924,0.8116884253211272
2021-12-31,135923.42443576772,9968.274295848141,0.773951218043709
2022-01-01,128865.74918419908,9805.489790406169,0.8160388725836731
2022-01-02,130241.42876721683,9587.864301553825,0.7209275678294937
2022-01-03,129943.38538583173,9790.46225896327,0.8001012651979149
2022-01-04,130238.31587336978,9661.705781187391,0.8098346351852926
2022-01-05,128621.41692054231,9715.248143677081,0.827728104186135
2022-01-06,130340.54308062517,9948.611476130924,0.7695831214312239
2022-01-07,131411.12310601468,10164.419657725857,0.8025706148421008
2022-01-08,133440.43969765652,9908.916024428947,0.7722372612182125
2022-01-09,132579.04748284715,9590.34806766609,0.8076615126702296
2022-01-10,135088.45740950952,9917.988175325929,0.7731396103291093
2022-01-11,129368.1240730498,10067.936900619807,0.7877569748251935
2022-01-12,132767.23483975793,9706.196984035576,0.7701255381562931
2022-01-13,131508.00822441225,9800.893093173643,0.8195340872547098
2022-01-14,135638.5267093787,9830.177127062841,0.8257535334997
2022-01-15,129758.69777185548,9669.802787109329,0.7929613829012776
2022-01-16,129810.91318796143,9955.981498103323,0.8011471398488009
2022-01-17,130405.2366670121,9801.67874322177,0.7565422575609937
2022-01-18,127468.41313083643,9909.317823333507,0.7910097005597965
2022-01-19,130775.31121590617,9647.455860600458,0.7984938614887477
2022-01-20,130417.52482450343,9737.00559770497,0.8786237927308993
2022-01-21,132343.81867973082,9968.516490943983,0.7666409892267751
2022-01-22,132831.97774469596,9749.01655056885,0.8439253171625731
2022-01-23,136004.35941559135,10168.51891284266,0.8299057632039742
2022-01-24,134254.46009761895,9742.741867081833,0.8084190921347041
2022-01-25,131299.3700440858,9867.149010963905,0.852758614525854
2022-01-26,130753.81280787433,10008.273193796922,0.8111631641782059
2022-01-27,133629.77693249506,9537.624842444471,0.8116747758700379
2022-01-28,130098.53428113076,9468.679188243697,0.7984063804094736
2022-01-29,136492.6823285358,9515.25264933461,0.8367070664725589
2022-01-30,135277.04983448487,10072.44369454284,0.8328940770143266
2022-01-31,132065.80490816035,9709.09820628769,0.7812296813751137
2022-02-01,129661.3992129135,10330.652654208605,0.760422584162037
2022-02-02,120876.39667650926,9705.706238952253,0.7939105808781304
2022-02-03,118017.97624678988,9855.008980931912,0.7759988430680707
2022-02-04,120798.46431987025,10126.063672414855,0.7980942627615394
2022-02-05,115207.0779738299,10218.403221141878,0.8371231440405242
2022-02-06,117267.56749811982,10229.028320446108,0.7862809503473963
2022-02-07,118544.43144622642,10057.943812846235,0.7987152985606528
2022-02-08,118692.73638982077,10020.626033498673,0.8017406820442519
2022-02-09,117760.6453132574,9933.861879785392,0.8254529264661585
2022-02-10,119965.61519236943,9970.571666787258,0.7325933199804618
2022-02-11,116640.92257750066,9704.205269896998,0.7817989911570411
2022-02-12,118544.73555580531,9650.345598087019,0.8063385107683843
2022-02-13,119120.47674841444,9812.853444898064,0.8360023686928059
2022-02-14,119956.19383220932,9779.034373484044,0.7852429265748139
2022-02-15,120394.99914531443,9721.968649732351,0.7437034188187438
2022-02-16,131763.94678841325,9951.434710697926,0.8185913433789841
2022-02-17,130983.46137643301,10002.761224529459,0.7809391283352312
2022-02-18,136642.491071956,9828.924521682502,0.7643100002272892
2022-02-19,134784.1969252546,10106.29212224396,0.7812696383086033
2022-02-20,132652.00885637043,9581.99124481498,0.7944642392703246
2022-02-21,137277.68124315224,9771.140137394514,0.7818576600638537
2022-02-22,134430.10801447046,9666.05052673867,0.733833018287028
2022-02-23,136577.72737976603,9435.650629053394,0.826911985906614
2022-02-24,134371.546720551,9791.964776908242,0.8382462512383617
2022-02-25,138372.3974299548,9783.694374008901,0.8195456597401852
2022-02-26,137773.00566444115,10110.276785942759,0.7658694298872556
2022-02-27,133772.86703749438,9933.292135814063,0.7939552539815745
2022-02-28,136219.47877388174,9601.835395646041,0.7998043605431163
2022-03-01,135569.7245340161,10177.034235387495,0.8179638316868574
2022-03-02,137015.99256054484,10049.965422834504,0.8200502146615425
2022-03-03,132345.7899457463,9921.721186031931,0.7779747860366452
2022-03-04,135641.8300806659,9759.547787177016,0.8024598666924069
2022-03-05,136377.8842154195,9612.499721211063,0.8137184121384573
2022-03-06,130732.11965752897,9729.489174950324,0.8436746696644031
2022-03-07,131868.94037604955,10021.223215714146,0.8211351961947417
2022-03-08,130140.18977464794,10179.933714569006,0.8236717006212656
2022-03-09,133660.42016745548,10111.208120645297,0.8025147988378809
2022-03-10,135612.32843609742,9704.33249224238,0.8423137743561051
2022-03-11,137157.44822661954,9577.721851550607,0.812292883878785
2022-03-12,134273.94597756356,9829.365549199425,0.7741673626947929
2022-03-13,137353.59607718178,9447.043388313388,0.8421010991037557
2022-03-14,131304.41321543095,9864.907765871692,0.8209370981761709
2022-03-15,130623.80332832498,9770.296667383776,0.7867086793661455
2022-03-16,133883.18614428,9706.152845878638,0.7856152109780228
2022-03-17,134723.94926720878,9479.962494407702,0.8088972663542229
2022-03-18,133849.8532489696,9901.16609078378,0.8138955438580275
2022-03-19,129737.73627003639,9691.448863146228,0.8059187679689362
2022-03-20,133649.77892831882,9563.548625545327,0.8093392602032866
2022-03-21,131172.5683981769,9222.622511639831,0.8509987212372915
2022-03-22,135072.5012798335,9791.114934894807,0.8321462945670466
2022-03-23,134416.23379265433,10150.611196847662,0.8057190677379508
2022-03-24,131751.46444517406,10127.955682032061,0.8282393174230246
2022-03-25,132550.0569936745,9703.827549414007,0.7690242828941739
2022-03-26,131404.3863220374,9674.34735026768,0.8119378114984043
2022-03-27,133341.010117527,9888.087575163816,0.8542791904919933
2022-03-28,135318.8179453193,9594.198597719927,0.7934586231382288
2022-03-29,131377.9347488295,9853.777027130254,0.7745709821414275
2022-03-30,134297.10122099437,9946.177664452074,0.7804373333422082
2022-03-31,132166.962051602,10037.891215160773,0.7673110088797284
2022-04-01,131579.12898749718,9772.016716696698,0.776457142756169
2022-04-02,132887.22055706222,9750.85574356607,0.7888847570422992
2022-04-03,130966.29389856882,9615.536937858926,0.7578329894246408
2022-04-04,131864.14950844602,9625.300346011041,0.8004685500184882
2022-04-05,130509.61607766512,9744.923600047483,0.8270683152135995
2022-04-06,136768.08199315815,9863.235441399798,0.7727673145955924
2022-04-07,132841.83676687555,9972.022226891988,0.8455785177092531
2022-04-08,131304.03650518862,9628.212473118043,0.8153237626558278
2022-04-09,133063.20678018057,10086.928938654792,0.8309174175687217
2022-04-10,132342.01324242607,9733.70946626315,0.780264963384436
2022-04-11,132055.8964522792,9783.203689210752,0.8256357568119985
2022-04-12,133657.15978863713,9637.57777385965,0.7672419829881406
2022-04-13,133874.73690159514,9301.7150192434,0.8267074250250953
2022-04-14,131229.59789733484,9962.915112178975,0.8051551801938059
2022-04-15,131069.90454551324,9933.017773934025,0.8165975365995436
2022-04-16,131602.51824732384,9728.926444700672,0.7647321618312545
2022-04-17,127480.07642805275,9798.133061178063,0.7731479047317019
2022-04-18,128985.125945845,9887.465722882684,0.8179168465476016
2022-04-19,134681.21269926324,9471.311669573332,0.771549559873274
2022-04-20,135169.7958554911,9677.553267090156,0.8138961887629738
2022-04-21,131314.696892792,9941.759700092556,0.7589858658061926
2022-04-22,132899.37446932148,9531.591841143116,0.8254452263800001
2022-04-23,132302.9047596978,9840.704273819067,0.7630243005569448
2022-04-24,137773.03010112524,9510.219288069835,0.8165689981303857
2022-04-25,133790.06866320118,9874.364607089996,0.8187689280093801
2022-04-26,131231.58486492303,9773.493275752568,0.7790968454471128
2022-04-27,129513.75401580938,9457.13817063974,0.8174607970125418
2022-04-28,128150.33172942867,10012.65536632105,0.8078132679000067
2022-04-29,131709.57484599005,9632.332141678782,0.7838347443142178
2022-04-30,129730.46018795637,9616.742931244291,0.7697433594777138
2022-05-01,128340.31443132857,9818.45021970213,0.7411212292498227
2022-05-02,129834.5354294961,10007.60681175046,0.8104895014189909
2022-05-03,128908.69470476737,9574.257939677813,0.7530559168591384
2022-05-04,134391.48248331295,9789.30123505186,0.8028603259832393
2022-05-05,132727.2328143983,9862.271526757157,0.7920965535175326
2022-05-06,130896.15202050572,9914.672309752446,0.8203742832631459
2022-05-07,133821.5615127899,9810.882460964038,0.7909386350153041
2022-05-08,130967.45736767846,9701.731543700704,0.7901165664095873
2022-05-09,129042.708711784,9609.1620289964,0.8219561211286489
2022-05-10,133765.62530140972,9791.451811344192,0.8100517408725235
2022-05-11,131752.8732959104,9559.33819394657,0.8094846787154834
2022-05-12,128557.84285263256,9189.038861253546,0.8140780276942559
2022-05-13,130210.57298666432,9860.163880392776,0.7539328363037868
2022-05-14,128800.5870361394,9953.181849387256,0.8227036603996095
2022-05-15,127748.4775206278,9299.351355670426,0.8183740638204081
2022-05-16,132330.3853917163,9569.534663445582,0.7694995061427051
2022-05-17,134262.53380063,9894.854618197383,0.792677585789774
2022-05-18,127613.96692715968,10182.06582154746,0.7988207813711711
2022-05-19,131506.18523942376,9774.268430748976,0.7959650964679481
2022-05-20,129049.8586357444,9624.052062576842,0.8100157989970561
2022-05-21,129349.54888700887,9732.616324210476,0.8429410034549355
2022-05-22,129113.43049257262,10043.713857869856,0.8324530018301849
2022-05-23,128546.41961035592,9639.088699824086,0.7606334241970578
2022-05-24,130349.39004408816,9607.98609592772,0.8186620997091815
2022-05-25,128570.15113469944,9670.818754430138,0.8398679995860623
2022-05-26,130754.42206873665,9576.244698823577,0.8116042556206762
2022-05-27,130096.2326845479,9790.987445283054,0.8327294127555791
2022-05-28,129703.74515716765,10090.932035386782,0.860368113371023
2022-05-29,128353.1640429725,9830.15515992485,0.8307112863832095
2022-05-30,129003.1000090104,9714.611566485162,0.8074792578692519
2022-05-31,131657.45857164086,9706.262974736086,0.8313526542225427
2022-06-01,131140.20462712986,9451.530028388639,0.8043466349929068
2022-06-02,128176.59072391356,9940.333107166178,0.8007170912985487
2022-06-03,130325.30741567427,9747.68667394296,0.7894575729285881
2022-06-04,131625.94076749057,9726.701092236171,0.8469024007649633
2022-06-05,126782.4310346372,10400.961550132044,0.77544714002174
2022-06-06,131207.55544257932,9821.633579844984,0.8459710317403435
2022-06-07,128796.66425044287,9611.067749761585,0.8149959237122112
2022-06-08,131265.6318243461,9675.697402148287,0.7580208147559419
2022-06-09,128601.84561031083,9990.201024837523,0.8110294787897427
2022-06-10,126523.8945941101,9782.708926714498,0.7369992047704513
2022-06-11,126885.19101659989,9471.94221055225,0.8187652405049312
2022-06-12,130244.34003102002,9942.986554739538,0.8265569444896698
2022-06-13,130676.7396589021,9625.054912325473,0.7822293213304384
2022-06-14,128358.96758825667,10132.886246285556,0.8037064308786676
2022-06-15,131456.22333628475,9973.779265793752,0.8586247230125086
2022-06-16,126868.51541538716,9667.848235127847,0.7848275988721419
2022-06-17,130072.93923450145,10013.058848215394,0.768232772388302
2022-06-18,127797.58108691483,9769.969639582629,0.844449902073878
2022-06-19,128931.37112074746,9926.496234110367,0.8588776157159239
2022-06-20,130346.1282767806,9852.431024153593,0.8001108701554355
2022-06-21,128547.59090329087,9585.756091305298,0.8303438910622507
2022-06-22,129517.1325852418,9625.860417448757,0.8402442774659264
2022-06-23,132317.33387864946,9960.105509037256,0.7777254730238485
2022-06-24,129170.08591465412,9686.701240708491,0.7854408249389639
2022-06-25,132014.92947886992,9672.469576090174,0.8369262353946421
2022-06-26,128104.29798256802,9561.717714477478,0.8505504283612553
2022-06-27,131443.91326603445,9837.005005074816,0.8168864258052307
2022-06-28,133288.39750203863,10164.333137413529,0.7736055693949384
2022-06-29,125483.22359030736,9537.864532322821,0.8596118333509832
2022-06-30,128854.20582277325,9755.757968117001,0.7840708730656412
2022-07-01,131623.78985668372,10032.901149474312,0.7899458665648565
2022-07-02,130085.3035062684,9734.071721750857,0.8102701350346887
2022-07-03,131255.46785230047,9840.017320858722,0.8466248126214433
2022-07-04,129326.95440815797,9536.607217588175,0.8256192792965668
2022-07-05,130729.75362514384,5834.290304267855,0.8924459650108573
2022-07-06,130266.70332256614,5710.742993434191,0.8938986559035432
2022-07-07,132934.87424650905,5944.860807179848,0.881305440059304
2022-07-08,131129.1071603108,5984.7349799656,0.8967441854355552
2022-07-09,131316.06401617939,6264.7134596651495,0.8041131976691709
2022-07-10,129837.27119692769,5862.270327512916,0.8711017762279061
2022-07-11,129705.48828206684,5811.04591779541,0.8872396580475035
2022-07-12,129834.70574805242,5784.306476403219,0.8454695774914148
2022-07-13,131507.23099496737,5674.339319134389,0.8915896995343469
2022-07-14,129894.18378841295,5812.21230799764,0.8738658633704164
2022-07-15,131332.78916355732,5684.978218886271,0.9326642709494647
2022-07-16,134920.32864485137,5777.293657776775,0.9271905917564457
2022-07-17,132527.20630433588,6006.663931253219,0.8660258329264551
2022-07-18,130147.42448778049,5541.378872684474,0.8754748686529992
2022-07-19,133215.44268831506,5970.206059574986,0.8777815730317482
2022-07-20,130009.38121913913,6005.196322425925,0.8664502157152113
2022-07-21,126760.72047509106,5717.702565168512,0.8858507495208439
2022-07-22,128831.1031066183,5316.488252373783,0.8572515379333723
2022-07-23,127114.81640416328,5618.837796365392,0.8460815399518742
2022-07-24,130161.26752346344,5999.344064705275,0.8986813367170081
2022-07-25,130907.74834685221,5734.914504542052,0.8988858875266543
2022-07-26,134229.08108506695,5539.17063215162,0.8558705272102002
2022-07-27,131533.99064428077,5637.619055973735,0.906860662922878
2022-07-28,130444.45755795995,5906.241007129064,0.8610526681250401
2022-07-29,132542.54648845977,5847.006677077205,0.8875949571411395
2022-07-30,126461.05816901654,5689.416505211765,0.9046103203783736
2022-07-31,131352.63297938235,5663.381004291542,0.8789916230588886
2022-08-01,132419.65796687038,5657.93721845449,0.893642227364234
2022-08-02,127915.6966788419,5551.3497729723285,0.8645071106833728
2022-08-03,133153.70821844498,6058.449909374693,0.8741060024971571
2022-08-04,131534.8870789117,5670.453639247311,0.8738242170735898
2022-08-05,130017.35188596357,5977.892398863454,0.8576026496037928
2022-08-06,132101.84274906912,6038.26686669162,0.8746967751065265
2022-08-07,135364.31484862056,5933.208797545497,0.8335414510340876
2022-08-08,131171.5939905831,5646.76551698107,0.8652653875857369
2022-08-09,131287.50313933595,5813.378559200777,0.8714537351989099
2022-08-10,129853.79721731023,5727.336381464047,0.8723146074251386
2022-08-11,129052.53485678416,5550.9780922049795,0.8727550766238766
2022-08-12,132390.84086728518,5796.133282304101,0.8781470740041961
2022-08-13,128994.18439104415,5494.996429336596,0.894383245542582
2022-08-14,130823.90320381278,5967.883226869644,0.9062355122239757
2022-08-15,129698.11171639398,5636.966851326428,0.860507043194552
2022-08-16,131582.2832693624,5769.665203569449,0.8439039743383256
2022-08-17,131260.79251968817,5785.633808312884,0.8487386676327069
2022-08-18,132635.94975273832,5676.738200871616,0.8653839123641522
2022-08-19,129506.50728954976,5845.400917516262,0.8694423604655047
2022-08-20,129950.74353076905,5632.624387505477,0.8569001180140763
2022-08-21,128495.21940943871,5901.4075399302055,0.8411165000725032
2022-08-22,129524.73352092848,5457.495105998183,0.8663163751757743
2022-08-23,131126.8362087165,5751.509919565589,0.8854427986034191
2022-08-24,131843.49440866185,6113.562765076739,0.897850883975067
2022-08-25,128440.86258868664,5525.253661952742,0.8632773084067503
2022-08-26,131978.50510968306,5589.313894377662,0.867610065335697
2022-08-27,132903.12534913892,5827.187420023191,0.8521990507345807
2022-08-28,130969.7669553498,5759.865168088102,0.8790568248887567
2022-08-29,133846.0647058894,5793.617793163669,0.8545471409742755
2022-08-30,128493.03868520571,5820.872160947266,0.897193834397236
2022-08-31,127498.06176412158,5849.521990238863,0.8264240052419767
2022-09-01,126375.33917410753,5944.060626526528,0.8692111098264261
2022-09-02,132868.97780890946,5803.627351129761,0.8890332201757523
2022-09-03,131128.47984609645,5672.955050429125,0.8855150354896751
2022-09-04,129650.23936356636,5855.264283202156,0.9607910099194149
2022-09-05,130261.86006229631,6100.268891549427,0.8904940007370372
2022-09-06,127390.3679193717,5693.308716902644,0.8498783620947397
2022-09-07,134471.23944613567,5524.472566853806,0.8771360725873278
2022-09-08,129775.59269997815,5940.337523254104,0.8267126099960065
2022-09-09,129672.44113279002,5694.388118214765,0.8775820075210972
2022-09-10,130840.83514749489,5283.473403411453,0.8550083182899773
2022-09-11,130286.18439677496,5887.034609653119,0.9074617082668048
2022-09-12,129706.07788926057,5610.027598641025,0.8635137917621339
2022-09-13,127610.85250111685,5698.529540979754,0.8764970225261426
2022-09-14,130067.6466696957,5782.575225163163,0.8609332647578679
2022-09-15,132821.1552124881,5753.822056613949,0.9321655405556
2022-09-16,131679.9024059801,5857.155445694718,0.8703627170164626
2022-09-17,132107.02487966712,5627.710769761717,0.9349767113043761
2022-09-18,127829.51738942276,5816.972165119678,0.904424552863548
2022-09-19,126803.81971659248,5661.984631576453,0.8944620018200616
2022-09-20,128462.39635115706,5861.199024879512,0.8910619944195256
2022-09-21,128756.29872698912,5836.053387113397,0.8918139189464875
2022-09-22,130764.12703230385,5525.435111510643,0.8221698226196317
2022-09-23,125121.80547313696,5929.262236763343,0.8716334981754773
2022-09-24,131497.00168102578,5604.416086114302,0.9053547391355297
2022-09-25,128053.30762804214,5872.763296402115,0.8785330844957768
2022-09-26,127447.32072284361,5784.15216103493,0.8378443045958928
2022-09-27,126209.05197045981,6077.874395322462,0.8784278664826759
2022-09-28,124856.22531285534,5665.087425097841,0.9311231654876647
2022-09-29,129745.53968899326,5639.460223957348,0.9174067514660416
2022-09-30,128179.7581991487,5704.982623612215,0.8781398797190191
2022-10-01,125387.87004102257,5647.773549831682,0.9085434783117426
2022-10-02,125313.13156281371,5867.940848395723,0.8690047893889584
2022-10-03,127168.12633331014,5384.23330792877,0.8288838523951985
2022-10-04,131115.13614614418,5496.301907395592,0.8522660203561134
2022-10-05,127196.37949122634,5493.0207685178,0.9268866630552459
2022-10-06,124648.89763617543,5896.185832837128,0.8717802075451209
2022-10-07,127104.55095142357,6047.789950567573,0.8726984806187494
2022-10-08,126992.75493234357,5684.320393952469,0.8710048541117535
2022-10-09,122087.98373221382,5670.988854630736,0.9371240976871902
2022-10-10,127318.18982252874,5718.3065935001505,0.9287787674608619
2022-10-11,126911.47730566614,5936.214783007927,0.946563407003444
2022-10-12,128713.94581307846,5517.911457256949,0.8752286436879985
2022-10-13,130969.32639162954,5750.598842250796,0.8888687346624129
2022-10-14,129476.19304382117,5897.5075332691,0.8345007235173763
2022-10-15,126638.7739954582,5802.229802909359,0.9243080327835482
2022-10-16,124918.89809631277,5739.470253849913,0.844966613461962
2022-10-17,132236.04724525422,5901.306110652367,0.8865032669128788
2022-10-18,127167.18888261107,5159.993395147867,0.8470809241710147
2022-10-19,127038.14742566492,5835.757879262672,0.8623339951978392
2022-10-20,126925.75200265693,5568.91064033978,0.854882127068509
2022-10-21,127336.12377358723,5333.142159202749,0.8617637421797255
2022-10-22,126619.48457402516,5801.052220087811,0.8638263189055306
2022-10-23,125731.48995342778,5973.086370824182,0.8635519361522477
2022-10-24,125758.11837900402,5670.407920474828,0.9050000173534092
2022-10-25,126761.81991897477,5888.015494449728,0.8468541162081245
2022-10-26,125718.48700530012,6019.439198215645,0.886616242810416
2022-10-27,125360.22468838978,5959.509398943501,0.9165387745691668
2022-10-28,126981.97343791497,6024.062375709745,0.8646041090645982
2022-10-29,126245.01731869535,5844.03792965862,0.858462433277572
2022-10-30,129751.5211193573,5710.242120833334,0.8730842612445925
2022-10-31,121432.9036064572,5374.305192282358,0.9153917562508214
2022-11-01,128911.94722085063,5645.028818644578,0.8858232289286008
2022-11-02,129218.01132342736,5525.134958816104,0.864063571161772
2022-11-03,122578.81728425012,6127.51578298768,0.8945162995356412
2022-11-04,126042.8583237785,5657.693038610424,0.8469312355049073
2022-11-05,125990.89331746813,5717.054124062564,0.9004407853132884
2022-11-06,123927.22301492182,5802.253199522536,0.8922582192310531
2022-11-07,125198.03542853966,5700.219575197708,0.8707657458658334
2022-11-08,124546.9089352498,6030.052255618143,0.8548424260465831
2022-11-09,130289.97825912111,5566.055136793877,0.8533995723314963
2022-11-10,128677.16842432243,5729.049461796992,0.8960445200903773
2022-11-11,129372.30328179336,5541.176815218709,0.9168694150746719
2022-11-12,128298.93258251518,5425.209391722952,0.8608807675891361
2022-11-13,124626.89794018236,5566.403037394811,0.8937516011065445
2022-11-14,125868.39242319371,5680.892457774961,0.817389189441938
2022-11-15,127931.62978846385,5601.982333889967,0.862461468080284
2022-11-16,124547.08379403937,5548.901544427423,0.879068232013873
2022-11-17,128458.79785512036,5405.665209276602,0.852709497490545
2022-11-18,126596.60342350416,5669.850549094004,0.8519048087563121
2022-11-19,126375.04328382241,5385.070550422319,0.8599666133059334
2022-11-20,128596.99579447134,5837.568779575215,0.8887657818497912
2022-11-21,128116.93357061846,5701.58849903297,0.8743801294478087
2022-11-22,126562.72272459963,5393.133210161858,0.8128530630002508
2022-11-23,129662.45373442487,5622.344656253647,0.816378995420948
2022-11-24,125243.66852642116,5533.298152154279,0.8617940446642848
2022-11-25,128702.49755101072,5747.107296965006,0.8937305975816066
2022-11-26,128724.45535582163,5950.905445694574,0.797574854718243
2022-11-27,126989.5442138656,5307.323824169572,0.865008094715451
2022-11-28,128334.00473247314,5704.9064955369795,0.8642125643044773
2022-11-29,125255.28729384653,5649.417682202942,0.9216501333462535
2022-11-30,129683.9724941476,5815.2552182151385,0.8684493456486141
2022-12-01,127547.09783993101,5723.169490181358,0.8914896695422279
2022-12-02,126954.9681305044,5529.679259794832,0.8842377142026239
2022-12-03,130184.41924254375,5615.805300618048,0.816083005605784
2022-12-04,126766.11820599965,5519.953877999448,0.9030462164989521
2022-12-05,125448.64709601308,5893.903438688641,0.8864618951636887
2022-12-06,125245.37344738236,5682.507302312085,0.8952480591902376
2022-12-07,129665.94813603249,6058.0260713370735,0.9977871311930898
2022-12-08,125990.53432350907,5665.198733032323,0.8174766118150424
2022-12-09,132160.54632663412,5535.192504021929,0.9317408994928332
2022-12-10,124588.69383098524,5373.673940490231,0.8713765744179893
2022-12-11,132249.0173273507,5315.331845370383,0.8886198671320903
2022-12-12,129383.57421153906,5358.675553629249,0.8786346326409628
2022-12-13,128875.35401256065,5728.471034041419,0.8672729099980587
2022-12-14,128087.91095102666,5776.333670093884,0.8629050121528372
2022-12-15,130086.63803316036,5357.893486650247,0.8898852620671903
2022-12-16,129325.27902116241,5852.682251480671,0.8344847890998497
2022-12-17,131720.8172756223,5576.605339937535,0.902517375025653
2022-12-18,129857.73133867055,5702.119114280108,0.8675141678534424
2022-12-19,130046.25306389267,5994.747599142858,0.8460979198287892
2022-12-20,129136.02174654898,5851.214298273655,0.8664996142601256
2022-12-21,129868.08557015355,5617.683267128157,0.9177144765058772
2022-12-22,130717.35472287047,5492.693913235041,0.8639399473895133
2022-12-23,126802.14110411258,5240.112239661013,0.8907536085462886
2022-12-24,127647.69370902407,5526.187617687166,0.8580713117285358
2022-12-25,131952.94608989122,5627.335195378885,0.9027376554977086
2022-12-26,130931.17473664433,5471.668299322962,0.9005652321637061
2022-12-27,130345.0809790996,5642.395772943513,0.9354582649988924
2022-12-28,130874.00176178981,5683.560504562503,0.8747330816350235
2022-12-29,131656.77011836346,5622.761893217909,0.9000596441427372
2022-12-30,130006.8504390254,5537.2755350236075,0.8829420261861683
2022-12-31,129654.71712951161,5700.54994719042,0.9188761534558905
2023-01-01,131728.07076613687,1754.7501043197321,0.8584350283717381
2023-01-02,129504.68837633666,1447.825120526056,0.9023501593863185
2023-01-03,132402.8962236678,1947.6343735726546,0.8741590811164995
2023-01-04,128305.98659576719,1645.2732327753233,0.8780743546867451
2023-01-05,133893.9378908753,1668.3037454299201,0.8827525745334512
2023-01-06,132904.90782490413,1805.719667101037,0.8875672118928003
2023-01-07,132595.37612012227,1710.2629703112011,0.8765131287063412
2023-01-08,134171.72457792822,1853.790032449925,0.8864413954951158
2023-01-09,135659.64484757264,1720.130500316416,0.9273435417268655
2023-01-10,134479.02275249342,1539.7611539567388,0.9095634905684565
2023-01-11,128889.26086413335,1734.0922955348217,0.9060746377749069
2023-01-12,130131.62976081592,1432.5893106382443,0.8663338142192839
2023-01-13,131559.87718551492,1682.5894548664564,0.8533227751531502
2023-01-14,132979.29307133576,1653.7744771910347,0.9086590167471326
2023-01-15,134078.8025114748,1618.340065474194,0.9062814037758938
2023-01-16,131707.05937398682,1633.798896249691,0.9241801202725295
2023-01-17,133645.74561482505,1282.6795510467246,0.8618805812209231
2023-01-18,131873.62884272015,1548.847340206835,0.8731135403391896
2023-01-19,132271.97578125456,1676.7042635920254,0.8308154751242369
2023-01-20,130790.65808188512,1689.6495233720577,0.8682258668181738
2023-01-21,131864.75474252735,1451.6861783961613,0.9098971153173834
2023-01-22,131113.28670987973,1909.905736363068,0.8660051386231541
2023-01-23,131968.46135917565,1483.072160156003,0.8992143938560248
2023-01-24,136129.08614243328,1849.7415315130258,0.8742849068200657
2023-01-25,132222.56970571747,1740.8319253907903,0.8897217108466469
2023-01-26,139483.59640821654,1525.6905526564678,0.84556925830553
2023-01-27,135300.76451921457,2009.541154755906,0.882556283489017
2023-01-28,134776.86307053256,1415.2945714914827,0.7902659208729783
2023-01-29,132781.2393644354,1837.3957341735543,0.8743931152551404
2023-01-30,135986.979479831,1853.2243246689245,0.8310858026885458
2023-01-31,133521.07068786494,1518.526780853775,0.9161798354964045
2023-02-01,134999.87802835673,1930.6868442907453,0.9033222205829353
2023-02-02,124957.01113268679,1601.727442966864,0.8940001294589824
2023-02-03,119723.12626581657,1709.0184333514012,0.9256301868147814
2023-02-04,122289.56847646544,1702.8870368584492,0.8515325043752549
2023-02-05,118657.77056913762,1623.5038824188705,0.9324208959374668
2023-02-06,120064.53069100421,1812.0702469537114,0.9079657469278115
2023-02-07,123743.73544603182,1808.149298040973,0.8729033413834316
2023-02-08,119013.03121468647,1299.2881208916692,0.9140686044154883
2023-02-09,123953.8635001805,1909.4055257237108,0.846811194627651
2023-02-10,121803.60932655614,1315.5820411497207,0.8552645751541698
2023-02-11,119319.42001244807,1854.132641233962,0.861742308302809
2023-02-12,121762.50013192969,1872.5073893399226,0.8641306687580795
2023-02-13,122493.18451221485,1428.5160375401413,0.8483032707171925
2023-02-14,121839.12621649695,1564.0894276010392,0.9166924920128597
2023-02-15,117499.51007732649,1424.6543131035442,0.8722343679889051
2023-02-16,134227.14674840998,1602.3540023517594,0.8905751490507063
2023-02-17,135224.842574772,1583.2743131811335,0.8628894590075896
2023-02-18,135606.46069792964,1800.3562380809249,0.8253819009835445
2023-02-19,137029.10322436754,1906.0288424597534,0.8881017207517427
2023-02-20,136172.57405932082,1922.646817002598,0.8226323507374067
2023-02-21,133172.87870265773,1530.6194111377217,0.8779409786174359
2023-02-22,136627.3445758674,1600.7516033132517,0.8389505488350157
2023-02-23,137108.49463017678,1305.4513012267423,0.9396182799769243
2023-02-24,137024.2807815636,1480.5078879804698,0.9073408816652416
2023-02-25,138080.65315927085,1834.1951895079742,0.8831726137381444
2023-02-26,137598.35841662332,1963.8843892069042,0.91791120032964
2023-02-27,136857.34562088014,1393.4410117300486,0.8546105206760279
2023-02-28,135804.1955770265,1521.3608958842292,0.8963043813601028
2023-03-01,132625.24089578458,1634.1155579317979,0.8859943130115614
2023-03-02,136806.15601171606,1694.9719026962798,0.8879206024400101
2023-03-03,136359.2023692035,1476.561928556804,0.918170605003203
2023-03-04,136481.0749630305,1722.8378030427266,0.9019747630833941
2023-03-05,133375.72821805044,1542.8006863445005,0.8886617098847507
2023-03-06,133755.67567752942,1634.221063191803,0.8303533769131511
2023-03-07,138009.9532360176,1745.9113285769738,0.8511986111416161
2023-03-08,135807.7339504256,1637.4818945471968,0.8763187319921283
2023-03-09,137230.4253590606,1548.4632240884707,0.8828011712282995
2023-03-10,135902.07080473716,1613.361403017393,0.8460938882597823
2023-03-11,135880.4365293897,1617.1537335702674,0.9523503002673527
2023-03-12,137670.51415664674,1560.3670810436843,0.9254918216576072
2023-03-13,134732.4656575752,1582.1530360954644,0.8980635496117745
2023-03-14,135925.04781371346,1953.1846443386032,0.8821611058385124
2023-03-15,134774.20775759596,1745.182061434683,0.8736337309029655
2023-03-16,134793.47921517934,1573.4450698493781,0.851442446199333
2023-03-17,135005.66425036362,1771.4749759661327,0.8823244155555658
2023-03-18,136027.70041639594,1564.8631587215586,0.8877325762042825
2023-03-19,134583.31335475994,1865.7949457988639,0.8427471827355513
2023-03-20,138007.7213864622,1704.6414183299296,0.890025292517347
2023-03-21,133660.48292271834,1608.7955126982401,0.8753422285352576
2023-03-22,135027.60302182141,1719.3422882699165,0.8227657732636783
2023-03-23,134471.765311883,1315.1666343029362,0.854188449676615
2023-03-24,138193.36991450697,1403.5313325434502,0.8675918339973506
2023-03-25,135639.0905093418,1389.6427866543754,0.9366306297202057
2023-03-26,137254.69257272332,1656.559368495703,0.8966965937360127
2023-03-27,132163.43769397016,1974.0167110487553,0.8399355529270033
2023-03-28,135610.82396402606,2073.3167019990383,0.8945810886825292
2023-03-29,136796.83856071823,1754.2098546574387,0.8335808803318491
2023-03-30,135121.76629648032,1726.3114909669534,0.9124807316166123
2023-03-31,137026.62816644832,1265.4740107562893,0.8658662604454637
2023-04-01,133798.48787979188,1516.693759248808,0.8771909143378249
2023-04-02,137588.16628531323,1467.2147304227396,0.9197738994262658
2023-04-03,139302.76491861683,1500.1449227629394,0.8413850929424725
2023-04-04,133913.9611262318,1590.2286403049798,0.8380864544466102
2023-04-05,133682.55694801203,1528.9822500912874,0.8624920202096199
2023-04-06,137413.59080953154,1227.0833651643306,0.9111513655305795
2023-04-07,137598.64408236428,1772.06834007177,0.8344196177356947
2023-04-08,133325.95759483802,1407.480645309077,0.795035332056683
2023-04-09,133463.0634524912,1669.4215848880435,0.86646523424773
2023-04-10,133671.29025205746,2035.9317076245834,0.8965522239973276
2023-04-11,131477.12475724786,1436.7812169660792,0.9160078524921649
2023-04-12,132259.71262355265,1114.143592342873,0.866105159137438
2023-04-13,132019.63007596714,1562.543214124892,0.86765720178652
2023-04-14,132423.1951903184,1839.4789471094034,0.9146170220276724
2023-04-15,133820.36137999978,2010.499472562583,0.8239077490091374
2023-04-16,134289.24123467092,1372.463024436756,0.8683443767445097
2023-04-17,136853.1098711228,1717.255749583319,0.8857127166977518
2023-04-18,131686.99011673525,1524.3967751887792,0.893476561638551
2023-04-19,135584.29908929812,1595.8121572927378,0.8647057992042735
2023-04-20,133120.07286800828,2145.4134591657466,0.8810332303511752
2023-04-21,133382.03168057065,1315.4936856920847,0.8053501793976103
2023-04-22,134764.0896555139,1666.378645278805,0.8602525476299846
2023-04-23,131103.15053545687,1708.7123089417523,0.893605261376634
2023-04-24,134048.2781045536,1831.87390118531,0.8505311789723596
2023-04-25,133552.01338472887,1633.8562285003948,0.8817695266476879
2023-04-26,134140.5127038716,1675.4126673158112,0.8934061750240809
2023-04-27,133671.3623127966,1535.0158075394077,0.8697235239742671
2023-04-28,137942.01477773636,1666.7138708815628,0.8851139131298972
2023-04-29,131695.35773372368,1543.7929891418341,0.8511180230414617
2023-04-30,131849.3578964921,1736.2887838213014,0.8738016616091187
2023-05-01,131606.73092564513,1537.5953002501399,0.8983064850876766
2023-05-02,131684.9170876314,1686.4804078480793,0.884709188829053
2023-05-03,131465.20658535388,1604.7507279394213,0.8624040619130819
2023-05-04,135063.42240335367,1835.3563024396258,0.8867264921287238
2023-05-05,135473.15192444986,1599.4104691762698,0.9014382937190986
2023-05-06,131438.79484361075,1254.6256818613658,0.8185017616426756
2023-05-07,130865.15221677214,1861.159437254316,0.9147722219486769
2023-05-08,133423.7419931268,1427.1716385477687,0.8699123578395679
2023-05-09,131329.02115384932,1477.1077925993036,0.8927646979972069
2023-05-10,133653.43091035215,1488.2717631291443,0.9159174077093568
2023-05-11,132749.08937821444,1881.8346021807815,0.838849789083086
2023-05-12,129269.03705926177,1179.355102359654,0.8587167699271736
2023-05-13,135354.4508734624,2233.582613496167,0.8713435391237289
2023-05-14,135811.76901707074,1816.7872301861535,0.8564873943662672
2023-05-15,130956.68972955845,1649.7666128075502,0.9320480972751043
2023-05-16,131370.81730475175,1593.6829914672362,0.8542968371851962
2023-05-17,132683.6214291103,1661.3155681708001,0.863333596615394
2023-05-18,132748.20578274276,1707.9722004839114,0.8861316709480893
2023-05-19,133365.52543935904,1732.3337936068303,0.8439355142177174
2023-05-20,136039.7429794915,1713.954531226284,0.8681295786473121
2023-05-21,131638.09532752092,1620.292735885419,0.8895235978375052
2023-05-22,130369.8139799442,1562.4518771816793,0.8700141878685247
2023-05-23,129183.95282165725,1571.2078661212172,0.8771983942330016
2023-05-24,130458.6768362854,1562.0238283901585,0.8641200366265489
2023-05-25,131833.9875497447,1827.3024654428827,0.834565890724577
2023-05-26,135470.81427218328,1718.8027521344175,0.8896477963401772
2023-05-27,130829.67643334456,1011.5566423541641,0.9326479921494173
2023-05-28,132297.40728214904,1730.3574862017474,0.8805520489235031
2023-05-29,131803.63570288094,1637.6675314483252,0.8867579235174264
2023-05-30,134201.61934501398,1594.521502824166,0.9007816826535058
2023-05-31,136868.73109970737,1520.1025251043434,0.8419200851035991
2023-06-01,130744.82283401123,1822.1717213280983,0.9310754397438882
2023-06-02,130821.01245644497,1786.3974313642425,0.886069863892684
2023-06-03,133883.1546869247,1441.8595669837243,0.9289557069726733
2023-06-04,133155.13962797038,1677.3885195821285,0.8580090101342803
2023-06-05,135482.84637632276,1401.189676857739,0.9345418576767347
2023-06-06,132956.88155644215,1319.1403524169853,0.9032546648210436
2023-06-07,131071.5177147312,1469.2635020655534,0.8965912025755708
2023-06-08,132973.93427651515,1766.6286030688736,0.8870207336305944
2023-06-09,134013.96121253242,1784.3178792763142,0.8725441414577665
2023-06-10,133442.81328580462,1695.8529158293306,0.9160159497542162
2023-06-11,132823.01408255156,1737.7979507882465,0.8842107960954414
2023-06-12,133949.70964484633,1695.557412450414,0.8209879088923855
2023-06-13,134164.07596432124,1463.568397591607,0.84648440614879
2023-06-14,134600.10894851128,1677.7921871797607,0.8744246274342176
2023-06-15,133144.64832188003,1751.0325448992844,0.8892999694949667
2023-06-16,131525.50950726212,1741.3518674252377,0.8783023453330031
2023-06-17,132166.71633263348,1827.8192373662266,0.9165691236938099
2023-06-18,134300.82154742721,1731.2402941202859,0.8214669440788412
2023-06-19,130269.36212234806,1659.4121277971647,0.8843076380951548
2023-06-20,132656.8676798643,1802.695495560909,0.8254606232383853
2023-06-21,131149.9301371748,1582.9041576565864,0.902791368864525
2023-06-22,132011.92344754183,1411.3764408696302,0.8771662385667399
2023-06-23,134529.84211340593,1554.6809399351962,0.8925882991607236
2023-06-24,132374.25791771096,1437.8567653714342,0.8540835111823071
2023-06-25,132104.60847902266,1451.344600946623,0.9183839479497325
2023-06-26,129312.18953789417,1557.0194834071708,0.9112517399217656
2023-06-27,133545.00217022904,1426.9821949590573,0.8975063290903567
2023-06-28,133364.41875097572,1523.4168348400165,0.8761144825940967
2023-06-29,136421.2121651436,1205.8291689858424,0.8973957185588539
2023-06-30,131500.62999177896,1626.7538054599625,0.8587932229603795
2023-07-01,132576.13638562127,1583.8791206665946,0.9056666697706214
2023-07-02,132658.35177374663,1419.763260989287,0.9294844268297177
2023-07-03,135336.27279305557,1714.573082498181,0.9121183167993756
2023-07-04,132012.52384478645,1769.780937945787,0.8581119259057777
2023-07-05,132782.80722970946,1260.2978991554558,0.890842519518193
2023-07-06,133462.04094075414,1428.8078779247826,0.8412057536872406
2023-07-07,132640.71849747287,1427.0673252893412,0.8971717093352702
2023-07-08,131395.58837257806,1392.458136633803,0.8935181023858761
2023-07-09,132697.22880579636,1745.8766868507007,0.8239055098140351
2023-07-10,134476.4787568629,1540.7594523185653,0.8451464846826291
2023-07-11,130295.86025936046,1526.164673419779,0.871505833097687
2023-07-12,132633.95159995617,1177.8381304093257,0.8709742075857753
2023-07-13,130986.2752083032,1705.2371709412967,0.8437156919374359
2023-07-14,134794.4361358739,1329.8448475375321,0.8916693618805656
2023-07-15,129375.05576816767,1589.2260141702675,0.8875442082682153
2023-07-16,131319.87348098803,1632.2578373174156,0.8741719260406444
2023-07-17,133207.5707755723,1848.4571305022823,0.8573262549952492
2023-07-18,135598.7097385556,1314.1042931195047,0.9114612137924969
2023-07-19,132349.70444981195,971.5089033879372,0.9296622133926489
2023-07-20,131383.3230397666,1611.7242051116164,0.8654931554846039
2023-07-21,136267.4738122987,1934.5994940718233,0.8616349924853554
2023-07-22,129619.43805559138,1821.8294899663154,0.8947362299623599
2023-07-23,128126.97846094557,1615.5150640421282,0.8692591186075904
2023-07-24,133412.51351962346,1474.7989054695686,0.875818083980103
2023-07-25,131534.99326773864,1734.0936235322151,0.9021895945517402
2023-07-26,130501.9309542257,1377.5028258726347,0.8227193173747812
2023-07-27,133965.0389193219,1667.0265812935472,0.91954906974558
2023-07-28,133038.45017109084,1672.392020864404,0.8821804157298803
2023-07-29,131423.76819259007,1782.8829321396297,0.8676552056631346
2023-07-30,129990.91011766127,2122.3159200308446,0.8773229753733566
2023-07-31,134294.50864769626,1648.4100672931575,0.8788728806506155
2023-08-01,133846.52006298452,1467.6771103246795,0.8280639608966522
2023-08-02,132342.70757081357,1563.8979346365554,0.9248481468235971
2023-08-03,136227.66425209722,1214.7405777059057,0.8812397689681185
2023-08-04,130385.91485924134,1429.1560940746929,0.8932900639134213
2023-08-05,129465.06749988644,1485.785194278659,0.9085464931172212
2023-08-06,131120.6530050648,1462.3669639231364,0.849365126273191
2023-08-07,132399.9472282715,1597.1985795255741,0.8942041569710568
2023-08-08,132962.73050708225,1401.786580251165,0.8719707672730362
2023-08-09,131976.77997899338,1790.0196618012747,0.9054031232564949
2023-08-10,133144.81993739007,1565.3979029287948,0.8161831773894551
2023-08-11,129917.33487530363,1563.0393873262076,0.877027170992762
2023-08-12,135285.88857031395,1498.863469860122,0.8619153803264812
2023-08-13,132210.2398140475,1595.0235115432765,0.8929678885190246
2023-08-14,134583.552520521,1728.547989313783,0.894101325621046
2023-08-15,133007.06743065035,1389.645254846851,0.8587712231553393
2023-08-16,133206.02018414793,1430.990961782755,0.8586347840747187
2023-08-17,133401.19299754946,1501.4120154512484,0.8766800389432802
2023-08-18,133124.4771122279,1292.5259981207137,0.8531007331805438
2023-08-19,133480.1757349651,1397.3915724798321,0.9052595108635638
2023-08-20,134816.9885895914,1465.541931323975,0.8689237839865767
2023-08-21,132513.979308377,1735.2069037842275,0.7927903534203508
2023-08-22,133499.51768422851,1612.3842950508422,0.8687553383013458
2023-08-23,131860.95396202308,1598.132973132741,0.8488436853746808
2023-08-24,134877.94173424083,1729.1375449016016,0.8310617255361716
2023-08-25,130600.59876089409,1531.026556396903,0.8428772008533228
2023-08-26,135509.3642632641,1636.1368456713355,0.8832822541549891
2023-08-27,131779.72385821107,1536.9424867078335,0.919859224847447
2023-08-28,128949.53707263706,1610.2022687830338,0.8893955342159494
2023-08-29,132016.87203856563,1440.1210289895666,0.8618048983535278
2023-08-30,130346.70389643383,1068.4522904653722,0.893677125855121
2023-08-31,133336.84839669263,1528.9028512921723,0.8662272906934303
2023-09-01,130295.72184128204,1839.8512725581963,0.8591619889251056
2023-09-02,130652.7124474723,1740.0876873953018,0.8453691199530105
2023-09-03,127708.85719946801,1747.467065473993,0.8274451357974484
2023-09-04,130524.98619485987,1801.1566745257776,0.8683022888032167
2023-09-05,126522.3542843695,1571.2050099655964,0.884741604697604
2023-09-06,128141.73049496773,1592.4795948632031,0.8771012898995533
2023-09-07,132768.75492716135,1429.0290359039893,0.8675209921615793
2023-09-08,132756.94078130013,1488.8878053942244,0.8516276181790966
2023-09-09,131972.7567951209,1674.799568162638,0.8982473857505491
2023-09-10,129123.53974140983,1791.965187250948,0.8404860424016024
2023-09-11,130896.93334898831,1522.8420062897599,0.9032808374153043
2023-09-12,130919.29489049193,1460.2363700644526,0.8499334894321983
2023-09-13,128543.26216159314,1549.9227764148295,0.8574269428794089
2023-09-14,133799.69668692877,1669.601496038108,0.8359964442815297
2023-09-15,132480.02092866015,1260.132144634352,0.8649579355934309
2023-09-16,130215.32409398157,1089.2098788423878,0.9092593737543394
2023-09-17,130642.61343234814,1437.881661180294,0.8954688426533187
2023-09-18,130936.90448615099,1303.389507504554,0.9093526633608411
2023-09-19,126367.74974823183,1445.4469147666987,0.895664276378018
2023-09-20,129887.80555428591,1517.0618521414417,0.8468899051440889
2023-09-21,128949.07053438689,1455.5111957091085,0.8700763232701733
2023-09-22,128240.69410354288,1836.1973460166353,0.8565940261264762
2023-09-23,129612.72427476545,1610.5957536517253,0.9199172471211712
2023-09-24,133701.46422377432,1604.884634262202,0.8440963406072106
2023-09-25,131319.1992757049,1668.7741527574922,0.9068109306816733
2023-09-26,128826.9150111436,1316.1090620014331,0.9067886161032631
2023-09-27,131046.61641166323,1751.2410046504156,0.9348886060514826
2023-09-28,132632.83965772964,1527.808751468045,0.867709402221115
2023-09-29,131616.6560148657,1676.6006938321548,0.9013696647874049
2023-09-30,129820.573132583,1327.6760853846563,0.9484495550961652
2023-10-01,128342.10841306428,1230.8387403982497,0.8614707496919891
2023-10-02,130967.92586213886,1704.7113868152433,0.8339487925740292
2023-10-03,130294.85663070463,1615.958322038516,0.8235996989827671
2023-10-04,131235.6696635916,1359.8090675562858,0.90138136086584
2023-10-05,130654.09592528825,1365.8297237816241,0.8235054937582424
2023-10-06,131422.47910102108,1764.3922585282921,0.8688304284118623
2023-10-07,128193.75678444508,1300.9658846806478,0.8931193956111688
2023-10-08,131841.18033107833,1866.925815514081,0.8855552661048974
2023-10-09,129545.1463554525,1357.81003954209,0.8927633459255252
2023-10-10,133245.49142878564,1665.1555332021153,0.8866686956740256
2023-10-11,127663.16085787512,1471.2964145394171,0.9183659743994018
2023-10-12,132461.65081775287,1657.2005575144576,0.8514305085778361
2023-10-13,129335.4258966349,1427.2832324839255,0.859690145846244
2023-10-14,127588.41710546751,1503.0904133010804,0.8568202166418752
2023-10-15,127876.96983642995,1543.3757912034587,0.9049057543558783
2023-10-16,128159.44542537822,1334.297426576795,0.9070119576518519
2023-10-17,129605.84965952906,1682.44274842589,0.8935367595795553
2023-10-18,129762.61311862382,1431.1781276563229,0.9155048100066978
2023-10-19,127531.07896193262,1487.6438194914113,0.8446587739787086
2023-10-20,128593.48312032572,1334.0368892464878,0.9300167233465341
2023-10-21,132892.685097246,1019.9829940179033,0.9256971586513677
2023-10-22,132031.48186604521,1493.7871348657068,0.9020686599173724
2023-10-23,129419.65143450708,2014.0587333170988,0.9334539672631318
2023-10-24,128596.03334579195,1687.9994681828953,0.8303013037696668
2023-10-25,128735.57924081404,1526.7694962651867,0.8642665559121204
2023-10-26,129700.56262099923,1477.5863679791873,0.8579408961795414
2023-10-27,126408.52125131804,1534.2006739920253,0.9016443797127203
2023-10-28,127922.55003565524,1638.6742800734332,0.8484957778119356
2023-10-29,125085.99373375262,1292.6308555853975,0.9027248544801245
2023-10-30,129210.17151537325,1751.200719189716,0.9211160843199014
2023-10-31,129697.42523061945,1670.9556049529654,0.90085608700252
2023-11-01,127430.75072037772,1671.059448615079,0.888512530709845
2023-11-02,131542.0045929829,1614.6604128442123,0.8503637997729775
2023-11-03,125942.2565510325,1530.43155822984,0.8545944710162391
2023-11-04,125467.67387949032,1660.6234354931812,0.9174885671589
2023-11-05,128850.86881455041,1643.9569766568677,0.9033804701171599
2023-11-06,130504.63313755252,1454.3289693291626,0.8788294144186737
2023-11-07,131789.71431460787,1409.9597185467624,0.8674627136270233
2023-11-08,127518.48222841433,1544.594293787315,0.8192257638066587
2023-11-09,130610.9891671072,1833.5700266427305,0.8478744274394668
2023-11-10,128396.98482699684,1275.4875428216878,0.9373425726141917
2023-11-11,128152.12861989415,1229.3468664107552,0.841586332869926
2023-11-12,130291.09845737279,1555.3470494173216,0.8856843946366324
2023-11-13,129857.83736741441,1532.115383149997,0.910223319195856
2023-11-14,125432.83876975552,1556.1491372616501,0.8423523199599312
2023-11-15,131574.15149343055,1569.8144055780435,0.8855413142434325
2023-11-16,131419.7122480889,1475.9262766781578,0.9081374661253196
2023-11-17,127449.86571972727,1818.0823769343106,0.8803749796572176
2023-11-18,129537.051414666,1199.471855127366,0.966052091670003
2023-11-19,129780.93539945784,1353.496207475395,0.8299420222336541
2023-11-20,129364.61351768291,1498.0876220104099,0.9117618558965164
2023-11-21,127795.98676792631,1189.6437734181611,0.8748159478781061
2023-11-22,127609.59844833244,1482.6536163713554,0.9031576046451003
2023-11-23,128960.87611368422,1849.6614920121488,0.8932392145509773
2023-11-24,131419.44334811042,1521.0877181345122,0.8580053140867001
2023-11-25,130226.0167742818,1562.5935632278317,0.8868698917737802
2023-11-26,128465.2143036834,1263.963390658354,0.8242629564580514
2023-11-27,130820.22464176103,1392.2670236937497,0.8980974250171418
2023-11-28,123652.84357469951,1440.042990845633,0.8889447539797157
2023-11-29,131723.23597533206,1451.0822091679488,0.899159805059293
2023-11-30,126024.68102614833,1770.4969491287247,0.9117435497526145
2023-12-01,128860.21035798147,1625.2493638817707,0.8910285952062913
2023-12-02,127429.26451026095,1290.9625219581146,0.8844426825939483
2023-12-03,127165.2279673989,1562.0980306406968,0.8535679499001613
2023-12-04,132164.64928981295,1611.9843862624284,0.8586333770905284
2023-12-05,128998.35741408716,1739.9128058760998,0.91560203860532
2023-12-06,130719.82968586237,1827.5340970942964,0.9230900621711794
2023-12-07,130028.2772035536,1307.950083023823,0.8728566869106383
2023-12-08,131173.66481091862,1348.3403807561042,0.8813800824175982
2023-12-09,130472.79187275664,1258.5392728240238,0.852861568750187
2023-12-10,127854.75832634626,1462.7938343943258,0.9151827053580234
2023-12-11,132516.82835763562,1602.412442713764,0.8999625047107533
2023-12-12,129642.21623878196,1706.1506327510926,0.9382365230939125
2023-12-13,127623.80656695267,1493.036486313543,0.8536503076846078
2023-12-14,129989.70893068347,1443.8001479998538,0.8686597630294535
2023-12-15,133958.07551369557,1537.664212709346,0.8869433776757671
2023-12-16,132769.18203820984,1339.8269955423682,0.8993946861317731
2023-12-17,130485.09937074428,1924.3062818161027,0.873529970873571
2023-12-18,130598.95076068035,1184.4092936623115,0.853811167286389
2023-12-19,130770.5695665049,1542.4325764738433,0.9064422258677072
2023-12-20,135684.93226606914,1909.7486661494013,0.9016340608763674
2023-12-21,132414.03785002953,1505.9303528242483,0.8525117769830882
2023-12-22,132630.02460743926,1466.1055385207248,0.9206632840331649
2023-12-23,133951.23492546027,1432.1672225677135,0.9151059612758982
2023-12-24,132489.8329992593,1467.1209323860926,0.8840288949174337
2023-12-25,131616.52373817514,1777.311925282655,0.8823879358712811
2023-12-26,131864.93429018924,1059.9128096902232,0.8966217331334773
2023-12-27,132238.03526094757,1808.5148938241646,0.8541489078923122
2023-12-28,132430.87955061006,1216.5796846836454,0.8809009443749225
2023-12-29,134085.05592288484,1447.5836109355666,0.8154284936617247
2023-12-30,132858.45169922948,1414.6081543314924,0.906293669365088
2023-12-31,134344.79686271815,1617.7106539541442,0.8331552033267442
